{"run_time": 3.1107, "loss": 9.1375, "gradient_of_losses": -0.46875, "max_memory_allocated": 944.62890625, "total_flos": 157616701440.0, "train_loss": 9.1375}