{
    "run_time": 2.4096,
    "loss": 8.98125,
    "gradient_of_losses": -0.48439,
    "max_memory_allocated": 944.62890625,
    "total_flos": 157616701440.0,
    "train_loss": 8.98125
}